episode,episode_reward,step
10.0,245.8980018308755,10000
20.0,655.5975031480599,20000
30.0,396.82922679797804,30000
40.0,549.7324060272042,40000
50.0,871.9521674365227,50000
60.0,495.0407050623868,60000
70.0,826.1885786353289,70000
80.0,601.8921912628513,80000
