actor_entropy,actor_loss,actor_target_entropy,alpha_loss,alpha_value,batch_reward,critic_loss,critic_target_value,critic_value_reg,duration,episode,episode_reward,step
7.375179782390594,-3.1216162627674637,-12.0,1.8430483427643776,0.09512539123677523,0.49189217534661295,0.08773289831727743,1.927273467157036,16.356129392385483,17.385624408721924,6.0,467.76820603385,6000
5.464272300243378,-5.7735997900962825,-12.0,1.5146855156421661,0.08662545268987369,0.48592757669091224,0.028617707949131727,4.502535311698914,38.513255191802976,16.054269313812256,7.0,471.9414323179359,7000
2.980591163992882,-8.620827302932739,-12.0,1.1932487748861313,0.07959031618091045,0.4834168637692928,0.035755593609064815,7.293427642822266,64.76369053649903,15.792562484741211,8.0,456.5271887519499,8000
1.9980020295381546,-11.246856511116027,-12.0,1.025993014216423,0.07327746493428662,0.4679083940088749,0.055738559439778325,9.993121556282043,90.87254998779296,15.440314292907715,9.0,400.3018903466522,9000
1.734164778470993,-13.394327609062195,-12.0,0.924224946796894,0.06728212169055037,0.44242976006865503,0.07946954602375626,12.31126935482025,113.26214025878906,0.0,10.0,307.6895562064683,10000
0.0,0.0,0.0,0.0,0.0,0.0,0.0,0.0,0.0,26.889495372772217,0.0,0.0,10000
1.310402501821518,-15.031689174652099,-12.0,0.8211237286925316,0.061674290628887,0.40711310029029846,0.11029112841188908,14.108633896827698,130.43147550964355,16.58191156387329,11.0,114.84771113727741,11000
